{"cameraMode":{"drawMode":0,"name":"Shaded","section":"Shading Mode"},"sceneLighting":true,"audioPlay":false,"sceneViewState":{"showFog":true,"showMaterialUpdate":false,"showSkybox":true,"showFlares":true,"showImageEffects":true,"showParticleSystems":true},"in2DMode":false,"pivot":{"x":8.105833053588868,"y":0.7241584062576294,"z":-13.529903411865235},"rotation":{"x":-0.0000092891741587664,"y":0.9999658465385437,"z":0.0011994761880487204,"w":0.008995380252599717},"size":2.312713623046875,"orthographic":false}