{"cameraMode":{"drawMode":0,"name":"Shaded","section":"Shading Mode"},"sceneLighting":false,"audioPlay":false,"sceneViewState":{"showFog":true,"showMaterialUpdate":false,"showSkybox":false,"showFlares":true,"showImageEffects":true,"showParticleSystems":true},"in2DMode":false,"pivot":{"x":-11.757087707519532,"y":2.1870479583740236,"z":-7.44687557220459},"rotation":{"x":0.009735817089676857,"y":-0.9340649843215942,"z":0.3560709059238434,"w":0.025513317435979844},"size":3.4654831886291506,"orthographic":false}