{"cameraMode":{"drawMode":0,"name":"Shaded","section":"Shading Mode"},"sceneLighting":false,"audioPlay":false,"sceneViewState":{"showFog":true,"showMaterialUpdate":false,"showSkybox":false,"showFlares":true,"showImageEffects":true,"showParticleSystems":true},"in2DMode":false,"pivot":{"x":-0.8090757131576538,"y":0.6890938878059387,"z":0.025428757071495057},"rotation":{"x":0.12657296657562257,"y":0.8444156646728516,"z":-0.46768513321876528,"w":0.22852060198783875},"size":1.2043039798736573,"orthographic":false}