{"cameraMode":{"drawMode":0,"name":"Shaded","section":"Shading Mode"},"sceneLighting":false,"audioPlay":false,"sceneViewState":{"showFog":true,"showMaterialUpdate":false,"showSkybox":false,"showFlares":true,"showImageEffects":true,"showParticleSystems":true},"in2DMode":false,"pivot":{"x":-8.017518997192383,"y":1.3708207607269288,"z":-4.81016731262207},"rotation":{"x":-0.002413341077044606,"y":-0.9967485070228577,"z":0.07369401305913925,"w":-0.03260965645313263},"size":1.42532479763031,"orthographic":false}