{"cameraMode":{"drawMode":0,"name":"Shaded","section":"Shading Mode"},"sceneLighting":false,"audioPlay":false,"sceneViewState":{"showFog":true,"showMaterialUpdate":false,"showSkybox":false,"showFlares":true,"showImageEffects":true,"showParticleSystems":true},"in2DMode":false,"pivot":{"x":-12.361213684082032,"y":1.7424951791763306,"z":-9.172174453735352},"rotation":{"x":0.13311432301998139,"y":-0.24984779953956605,"z":0.03469959273934364,"w":0.9584647417068481},"size":1.0535902976989747,"orthographic":false}