{"cameraMode":{"drawMode":0,"name":"Shaded","section":"Shading Mode"},"sceneLighting":false,"audioPlay":false,"sceneViewState":{"showFog":true,"showMaterialUpdate":false,"showSkybox":false,"showFlares":true,"showImageEffects":true,"showParticleSystems":true},"in2DMode":false,"pivot":{"x":-14.86404800415039,"y":1.61936354637146,"z":-7.322915077209473},"rotation":{"x":-0.11697113513946533,"y":-0.8701758980751038,"z":0.24900227785110475,"w":-0.40880221128463747},"size":3.4654831886291506,"orthographic":false}