{"cameraMode":{"drawMode":0,"name":"Shaded","section":"Shading Mode"},"sceneLighting":false,"audioPlay":false,"sceneViewState":{"showFog":true,"showMaterialUpdate":false,"showSkybox":false,"showFlares":true,"showImageEffects":true,"showParticleSystems":true},"in2DMode":false,"pivot":{"x":-13.562919616699219,"y":2.1870479583740236,"z":-7.591761589050293},"rotation":{"x":-0.24159374833106996,"y":-0.7565135955810547,"z":0.397901326417923,"w":-0.4593510627746582},"size":3.467582941055298,"orthographic":false}